Fund Name:,State Street® SPDR® S&P 500® ETF Trust,,,,,,
Ticker Symbol:,SPY,,,,,,
Holdings:,As of 24-Aug-2026,,,,,,
,,,,,,,
Name,Ticker,Identifier,SEDOL,Weight,Sector,Shares Held,Local Currency
NVIDIA CORP,NVDA,67066G104,2379504,7.658346,-,295655444,USD
APPLE INC,AAPL,037833100,2046251,6.913008,-,179285263,USD
MICROSOFT CORP,MSFT,594918104,2588173,5.490147,-,90676328,USD
AMAZON.COM INC,AMZN,023135106,2000019,3.890995,-,119497463,USD
ALPHABET INC CL A,GOOGL,02079K305,BYVY8G0,3.095443,-,71578737,USD
BROADCOM INC,AVGO,11135F101,BDZ78H9,2.576264,-,57796519,USD
ALPHABET INC CL C,GOOG,02079K107,BYY88Y7,2.470174,-,57695260,USD
META PLATFORMS INC CLASS A,META,30303M102,B7TL820,1.8619,-,26806761,USD
MICRON TECHNOLOGY INC,MU,595112103,2588184,1.557137,-,13765615,USD
ELI LILLY + CO,LLY,532457108,2516152,1.495952,-,9655860,USD
TESLA INC,TSLA,88160R101,B616C79,1.489895,-,34364329,USD
JPMORGAN CHASE + CO,JPM,46625H100,2190385,1.448271,-,32706921,USD
BERKSHIRE HATHAWAY INC CL B,BRK.B,084670702,2073390,1.402221,-,22378218,USD
ADVANCED MICRO DEVICES,AMD,007903107,2007849,1.129485,-,19903157,USD
EXXONMOBIL HOLDINGS CORP,XOM,30233Q108,BVSRPD7,1.031182,-,50591128,USD
JOHNSON + JOHNSON,JNJ,478160104,2475833,0.991834,-,29380870,USD
VISA INC CLASS A SHARES,V,92826C839,B2PZN04,0.962416,-,20255787,USD
MASTERCARD INC   A,MA,57636Q104,B121557,0.733934,-,9847418,USD
ABBVIE INC,ABBV,00287Y109,B92SR70,0.708661,-,21562312,USD
WALMART INC,WMT,931142103,2936921,0.707941,-,53506103,USD
CISCO SYSTEMS INC,CSCO,17275R102,2198163,0.660208,-,48205481,USD
INTEL CORP,INTC,458140100,2463247,0.653509,-,60277042,USD
COSTCO WHOLESALE CORP,COST,22160K105,2701271,0.653479,-,5414384,USD
BANK OF AMERICA CORP,BAC,060505104,2295677,0.617055,-,79678671,USD
PALANTIR TECHNOLOGIES INC A,PLTR,69608A108,BN78DQ4,0.612319,-,28018962,USD
LAM RESEARCH CORP,LRCX,512807306,BSML4N7,0.588357,-,15267091,USD
APPLIED MATERIALS INC,AMAT,038222105,2046552,0.582882,-,9689032,USD
CHEVRON CORP,CVX,166764100,2838555,0.576487,-,22846327,USD
CATERPILLAR INC,CAT,149123101,2180201,0.566403,-,5620945,USD
MERCK + CO. INC.,MRK,58933Y105,2778844,0.564372,-,30149708,USD
UNITEDHEALTH GROUP INC,UNH,91324P102,2917766,0.549077,-,11082479,USD
GENERAL ELECTRIC,GE,369604301,BL59CR9,0.540783,-,12732548,USD
COCA COLA CO/THE,KO,191216100,2206657,0.540046,-,47250411,USD
PROCTER + GAMBLE CO/THE,PG,742718109,2704407,0.51755,-,28414103,USD
NETFLIX INC,NFLX,64110L106,2857817,0.510774,-,51380658,USD
HOME DEPOT INC,HD,437076102,2434209,0.509539,-,12153709,USD
GOLDMAN SACHS GROUP INC,GS,38141G104,2407966,0.463461,-,3599575,USD
PHILIP MORRIS INTERNATIONAL,PM,718172109,B2PKRQ3,0.452411,-,19018256,USD
PALO ALTO NETWORKS INC,PANW,697435105,B87ZMX0,0.431462,-,9896328,USD
RTX CORP,RTX,75513E101,BM5M5Y3,0.427321,-,16438672,USD
WELLS FARGO + CO,WFC,949746101,2649100,0.393049,-,37340179,USD
MORGAN STANLEY,MS,617446448,2262314,0.389047,-,14626521,USD
GE VERNOVA INC,GEV,36828A101,BP6H4Y1,0.384091,-,3281349,USD
ORACLE CORP,ORCL,68389X105,2661568,0.366728,-,20720363,USD
AMGEN INC,AMGN,031162100,2023607,0.363334,-,6588622,USD
KLA CORP,KLAC,482480100,2480138,0.359702,-,15944626,USD
TEXAS INSTRUMENTS INC,TXN,882508104,2885409,0.357386,-,11108452,USD
THERMO FISHER SCIENTIFIC INC,TMO,883556102,2886907,0.354317,-,4535619,USD
LINDE PLC,LIN,G54950103,BNZHB81,0.343442,-,5640874,USD
CITIGROUP INC,C,172967424,2297907,0.340574,-,20810157,USD
SANDISK CORP,SNDK,80004C200,BSNPZV3,0.335485,-,1808397,USD
INTL BUSINESS MACHINES CORP,IBM,459200101,2005973,0.329174,-,11467087,USD
VERIZON COMMUNICATIONS INC,VZ,92343V104,2090571,0.317523,-,50958885,USD
ABBOTT LABORATORIES,ABT,002824100,2002305,0.308138,-,21256958,USD
MARVELL TECHNOLOGY INC,MRVL,573874104,BNKJSM5,0.304294,-,10681283,USD
PEPSICO INC,PEP,713448108,2681511,0.299814,-,16679708,USD
ARISTA NETWORKS INC,ANET,040413205,BL9XPM3,0.294585,-,12601490,USD
CROWDSTRIKE HOLDINGS INC   A,CRWD,22788C105,BJJP138,0.294411,-,12426923,USD
MCDONALD S CORP,MCD,580135101,2550707,0.293622,-,8671087,USD
WALT DISNEY CO/THE,DIS,254687106,2270726,0.291228,-,21191130,USD
AMPHENOL CORP CL A,APH,032095101,2145084,0.290176,-,15014338,USD
SCHWAB (CHARLES) CORP,SCHW,808513105,2779397,0.281703,-,19949713,USD
UNION PACIFIC CORP,UNP,907818108,2914734,0.278928,-,7245056,USD
GILEAD SCIENCES INC,GILD,375558103,2369174,0.276221,-,15150396,USD
ANALOG DEVICES INC,ADI,032654105,2032067,0.274755,-,5957833,USD
AMERICAN EXPRESS CO,AXP,025816109,2026082,0.272209,-,6494748,USD
AT+T INC,T,00206R102,2831811,0.270636,-,84788606,USD
SEAGATE TECHNOLOGY HOLDINGS,STX,G7997R103,BKVD2N4,0.270098,-,2735654,USD
NEXTERA ENERGY INC,NEE,65339F101,2328915,0.265908,-,25447845,USD
SALESFORCE INC,CRM,79466L302,2310525,0.259283,-,9982004,USD
WELLTOWER INC,WELL,95040Q104,BYVYHH4,0.25686,-,8613572,USD
BLACKROCK INC,BLK,09290D101,BMZBBT7,0.256658,-,1761640,USD
QUALCOMM INC,QCOM,747525103,2714923,0.253335,-,12861731,USD
BOEING CO/THE,BA,097023105,2108601,0.251557,-,9620138,USD
BOOKING HOLDINGS INC,BKNG,09857L108,BDRXDB4,0.250655,-,9455355,USD
DEERE + CO,DE,244199105,2261203,0.247024,-,3065141,USD
CONOCOPHILLIPS,COP,20825C104,2685717,0.246293,-,14865337,USD
UBER TECHNOLOGIES INC,UBER,90353T100,BK6N347,0.244697,-,24838515,USD
PFIZER INC,PFE,717081103,2684703,0.241585,-,69517235,USD
EATON CORP PLC,ETN,G29183103,B8KQN82,0.2406,-,4738480,USD
TJX COMPANIES INC,TJX,872540109,2989301,0.235913,-,13494026,USD
WESTERN DIGITAL CORP,WDC,958102105,2954699,0.227444,-,4204574,USD
NEWMONT CORP,NEM,651639106,2636607,0.213255,-,13018702,USD
VERTEX PHARMACEUTICALS INC,VRTX,92532F100,2931034,0.210585,-,3095193,USD
BRISTOL MYERS SQUIBB CO,BMY,110122108,2126335,0.208179,-,24903870,USD
PROLOGIS INC,PLD,74340W103,B44WZD7,0.20595,-,11562426,USD
DANAHER CORP,DHR,235851102,2250870,0.205311,-,7681858,USD
CAPITAL ONE FINANCIAL CORP,COF,14040H105,2654461,0.204009,-,7592217,USD
INTUITIVE SURGICAL INC,ISRG,46120E602,2871301,0.200486,-,4319450,USD
SERVICENOW INC,NOW,81762P102,B80NXX8,0.200176,-,12581935,USD
S+P GLOBAL INC,SPGI,78409V104,BYV2325,0.200033,-,3697497,USD
PROGRESSIVE CORP,PGR,743315103,2705024,0.198249,-,7125790,USD
PARKER HANNIFIN CORP,PH,701094104,2671501,0.193772,-,1537682,USD
DELL TECHNOLOGIES  C,DELL,24703L202,BHKD3S6,0.189954,-,3529266,USD
CHUBB LTD,CB,H1467J104,B3BQMF6,0.189005,-,4398722,USD
STARBUCKS CORP,SBUX,855244109,2842255,0.185614,-,13898169,USD
LOWE S COS INC,LOW,548661107,2536763,0.184122,-,6829709,USD
CVS HEALTH CORP,CVS,126650100,2577609,0.181935,-,15559513,USD
MEDTRONIC PLC,MDT,G5960L103,BTN1Y11,0.180706,-,15655662,USD
LOCKHEED MARTIN CORP,LMT,539830109,2522096,0.173534,-,2475782,USD
ACCENTURE PLC CL A,ACN,G1151C101,B4BNMY3,0.173487,-,7485727,USD
ALTRIA GROUP INC,MO,02209S103,2692632,0.173214,-,20360952,USD
CORNING INC,GLW,219350105,2224701,0.172726,-,9551280,USD
AUTOMATIC DATA PROCESSING,ADP,053015103,2065308,0.171386,-,4874024,USD
STRYKER CORP,SYK,863667101,2853688,0.171356,-,4207193,USD
FREEPORT MCMORAN INC,FCX,35671D857,2352118,0.169803,-,17566318,USD
ADOBE INC,ADBE,00724F101,2008154,0.169153,-,4927897,USD
BANK OF NEW YORK MELLON CORP,BNY,064058100,B1Z77F6,0.168603,-,8369317,USD
BLACKSTONE INC,BX,09260D107,BKF2SL7,0.16165,-,9057672,USD
MARATHON PETROLEUM CORP,MPC,56585A102,B3K3L40,0.160315,-,3559237,USD
HOWMET AEROSPACE INC,HWM,443201108,BKLJ8V2,0.159599,-,4878766,USD
MCKESSON CORP,MCK,58155Q103,2378534,0.159177,-,1466183,USD
EQUINIX INC,EQIX,29444U700,BVLZX12,0.157845,-,1203957,USD
VALERO ENERGY CORP,VLO,91913Y100,2041364,0.155621,-,3619984,USD
INTUIT INC,INTU,461202103,2459020,0.155308,-,3379097,USD
SOUTHERN CO/THE,SO,842587107,2829601,0.153862,-,13744304,USD
CME GROUP INC,CME,12572Q105,2965839,0.153214,-,4417260,USD
TRANE TECHNOLOGIES PLC,TT,G8994E103,BK9ZQ96,0.151667,-,2694925,USD
VERTIV HOLDINGS CO A,VRT,92537N108,BL3LWS8,0.148605,-,4690932,USD
PNC FINANCIAL SERVICES GROUP,PNC,693475105,2692665,0.14824,-,4896212,USD
GENERAL DYNAMICS CORP,GD,369550108,2365161,0.147886,-,3101492,USD
PHILLIPS 66,PSX,718546104,B78C4Y8,0.147277,-,4898990,USD
US BANCORP,USB,902973304,2736035,0.146775,-,18925315,USD
COMCAST CORP CLASS A,CMCSA,20030N101,2044545,0.146156,-,43535666,USD
CSX CORP,CSX,126408103,2160753,0.145119,-,22705857,USD
DUKE ENERGY CORP,DUK,26441C204,B7VD3F2,0.14402,-,9503516,USD
FORTINET INC,FTNT,34959E109,B5B2106,0.143361,-,7591567,USD
MARSH + MCLENNAN COS,MRSH,571748102,2567741,0.142392,-,5887124,USD
3M CO,MMM,88579Y101,2595708,0.141746,-,6373089,USD
QUANTA SERVICES INC,PWR,74762E102,2150204,0.140201,-,1829517,USD
INTERCONTINENTAL EXCHANGE IN,ICE,45866F104,BFSSDS9,0.139947,-,6910658,USD
EMERSON ELECTRIC CO,EMR,291011104,2313405,0.134002,-,6844676,USD
ELEVANCE HEALTH INC,ELV,036752103,BSPHGL4,0.132754,-,2653722,USD
CONSTELLATION ENERGY,CEG,21037T109,BMH4FS1,0.132702,-,3906133,USD
JOHNSON CONTROLS INTERNATION,JCI,G51502105,BY7QL61,0.132456,-,7455590,USD
CADENCE DESIGN SYS INC,CDNS,127387108,2302232,0.132297,-,3370460,USD
DOORDASH INC   A,DASH,25809K105,BN13P03,0.131599,-,4624005,USD
WILLIAMS COS INC,WMB,969457100,2967181,0.131552,-,14918886,USD
T MOBILE US INC,TMUS,872590104,B94Q9V0,0.129031,-,5686708,USD
WASTE MANAGEMENT INC,WM,94106L109,2937667,0.127022,-,4514444,USD
AMERICAN TOWER CORP,AMT,03027X100,B7FBFL2,0.126182,-,5693019,USD
MONDELEZ INTERNATIONAL INC A,MDLZ,609207105,B8CKK03,0.125766,-,15644930,USD
REGENERON PHARMACEUTICALS,REGN,75886F107,2730190,0.125695,-,1221075,USD
ROBINHOOD MARKETS INC   A,HOOD,770700102,BP0TQN6,0.124173,-,9644888,USD
SLB LTD,SLB,806857108,2779201,0.122569,-,18268526,USD
APPLOVIN CORP CLASS A,APP,03831W108,BMV3LG4,0.121968,-,3287665,USD
EOG RESOURCES INC,EOG,26875P101,2318024,0.121473,-,6508715,USD
MOTOROLA SOLUTIONS INC,MSI,620076307,B5BKPQ4,0.121316,-,2027773,USD
SHERWIN WILLIAMS CO/THE,SHW,824348106,2804211,0.120748,-,2802873,USD
AIRBNB INC CLASS A,ABNB,009066101,BMGYYH4,0.120687,-,5106736,USD
NORFOLK SOUTHERN CORP,NSC,655844108,2641894,0.120076,-,2737932,USD
CUMMINS INC,CMI,231021106,2240202,0.119755,-,1686170,USD
MARRIOTT INTERNATIONAL  CL A,MAR,571903202,2210614,0.119694,-,2674501,USD
TRAVELERS COS INC/THE,TRV,89417E109,2769503,0.119621,-,2598229,USD
GENERAL MOTORS CO,GM,37045V100,B665KZ5,0.119073,-,11018156,USD
ROSS STORES INC,ROST,778296103,2746711,0.118133,-,3936719,USD
TARGET CORP,TGT,87612E106,2259101,0.116935,-,5539776,USD
MOODY S CORP,MCO,615369105,2252058,0.116638,-,1835843,USD
AON PLC CLASS A,AON,G0403H108,BLP1HW5,0.116449,-,2609975,USD
UNITED PARCEL SERVICE CL B,UPS,911312106,2517382,0.116436,-,9123188,USD
SYNOPSYS INC,SNPS,871607107,2867719,0.114737,-,2340789,USD
O REILLY AUTOMOTIVE INC,ORLY,67103H107,B65LWX6,0.114089,-,10126232,USD
HILTON WORLDWIDE HOLDINGS IN,HLT,43300A203,BYVMW06,0.114083,-,2781818,USD
DATADOG INC   CLASS A,DDOG,23804L103,BKT9Y49,0.113405,-,4042780,USD
ILLINOIS TOOL WORKS,ITW,452308109,2457552,0.112873,-,3199355,USD
KKR + CO INC,KKR,48251W104,BG1FRR1,0.112652,-,8448366,USD
THE CIGNA GROUP,CI,125523100,BHJ0775,0.112627,-,3232226,USD
COLGATE PALMOLIVE CO,CL,194162103,2209106,0.11244,-,9778192,USD
FEDEX CORP,FDX,31428X106,2142784,0.111325,-,2682230,USD
NORTHROP GRUMMAN CORP,NOC,666807102,2648806,0.111321,-,1631168,USD
ROYAL CARIBBEAN CRUISES LTD,RCL,V7780T103,2754907,0.110974,-,3048391,USD
BOSTON SCIENTIFIC CORP,BSX,101137107,2113434,0.110596,-,18162192,USD
ECOLAB INC,ECL,278865100,2304227,0.110367,-,3095293,USD
SIMON PROPERTY GROUP INC,SPG,828806109,2812452,0.108674,-,3962580,USD
WARNER BROS DISCOVERY INC,WBD,934423104,BM8JYX3,0.107991,-,30284580,USD
CINTAS CORP,CTAS,172908105,2197137,0.106817,-,4145212,USD
ARTHUR J GALLAGHER + CO,AJG,363576109,2359506,0.10609,-,3139318,USD
MONSTER BEVERAGE CORP,MNST,61174X109,BZ07BW4,0.105997,-,17439031,USD
HEWLETT PACKARD ENTERPRISE,HPE,42824C109,BYVYWS0,0.105585,-,16208287,USD
US DOLLAR,-,999USDZ92,-,0.104298,-,839446426.03,USD
PACCAR INC,PCAR,693718108,2665861,0.103825,-,6430945,USD
AIR PRODUCTS + CHEMICALS INC,APD,009158106,2011602,0.103568,-,2721954,USD
HONEYWELL INTERNATIONAL INC,HON,438516205,BN7RHC5,0.10331,-,3871529,USD
UNITED RENTALS INC,URI,911363109,2134781,0.103028,-,765276,USD
TRANSDIGM GROUP INC,TDG,893641100,B11FJK3,0.10178,-,683170,USD
ALLSTATE CORP,ALL,020002101,2019952,0.101684,-,3145399,USD
HCA HEALTHCARE INC,HCA,40412C101,B4MGBG6,0.101199,-,1897540,USD
AMERICAN ELECTRIC POWER,AEP,025537101,2026242,0.100762,-,6648466,USD
DIGITAL REALTY TRUST INC,DLR,253868103,B03GQS4,0.099495,-,4247071,USD
LUMENTUM HOLDINGS INC,LITE,55024U109,BYM9ZP2,0.09805,-,950594,USD
CRH PLC,CRH,G25508105,B01ZKD6,0.097175,-,8164860,USD
TRUIST FINANCIAL CORP,TFC,89832Q109,BKP7287,0.09611,-,15224144,USD
TARGA RESOURCES CORP,TRGP,87612G101,B55PZY3,0.095883,-,2622562,USD
MONOLITHIC POWER SYSTEMS INC,MPWR,609839105,B01Z7J1,0.095793,-,599980,USD
CENCORA INC,COR,03073E105,2795393,0.095646,-,2377646,USD
BAKER HUGHES CO,BKR,05722G100,BDHLTQ5,0.093377,-,12124654,USD
APOLLO GLOBAL MANAGEMENT INC,APO,03769M106,BN44JF6,0.09298,-,5635589,USD
KINDER MORGAN INC,KMI,49456B101,B3NQ4P8,0.092147,-,23924032,USD
TE CONNECTIVITY PLC,TEL,G87052109,BRC3N84,0.089699,-,3566737,USD
REALTY INCOME CORP,O,756109104,2724193,0.08943,-,11394252,USD
FASTENAL CO,FAST,311900104,2332262,0.089379,-,14028208,USD
ONEOK INC,OKE,682680103,2130109,0.088975,-,7698555,USD
DOMINION ENERGY INC,D,25746U109,2542049,0.088943,-,10747047,USD
WW GRAINGER INC,GWW,384802104,2380863,0.087153,-,530636,USD
TERADYNE INC,TER,880770102,2884183,0.086694,-,1912194,USD
COMFORT SYSTEMS USA INC,FIX,199908104,2036047,0.085832,-,429164,USD
NXP SEMICONDUCTORS NV,NXPI,N6596X109,B505PN7,0.085279,-,3085632,USD
NUCOR CORP,NUE,670346105,2651086,0.084589,-,2782940,USD
AMETEK INC,AME,031100100,2089212,0.084332,-,2800923,USD
DEVON ENERGY CORP,DVN,25179M103,2480677,0.084178,-,14047391,USD
CORTEVA INC,CTVA,22052L104,BK73B42,0.084091,-,8172986,USD
SEMPRA,SRE,816851109,2138158,0.083935,-,7988034,USD
FORD MOTOR CO,F,345370860,2615468,0.082774,-,47825392,USD
PUBLIC STORAGE,PSA,74460D109,2852533,0.082747,-,2049382,USD
CARDINAL HEALTH INC,CAH,14149Y108,2175672,0.082633,-,2862114,USD
PAYPAL HOLDINGS INC,PYPL,70450Y103,BYW36M8,0.082603,-,10778689,USD
AFLAC INC,AFL,001055102,2026361,0.082201,-,5597222,USD
COHERENT CORP,COHR,19247G107,BNG8Z81,0.081817,-,2390299,USD
DELTA AIR LINES INC,DAL,247361702,B1W9D46,0.081742,-,7976501,USD
AUTODESK INC,ADSK,052769106,2065159,0.081551,-,2579839,USD
KEYSIGHT TECHNOLOGIES IN,KEYS,49338L103,BQZJ0Q9,0.080696,-,2090644,USD
STATE STREET CORP,STT,857477103,2842040,0.080217,-,3381656,USD
BECTON DICKINSON AND CO,BDX,075887109,2087807,0.079798,-,3367189,USD
CIENA CORP,CIEN,171779309,B1FLZ21,0.079668,-,1723916,USD
EDWARDS LIFESCIENCES CORP,EW,28176E108,2567116,0.079118,-,7036223,USD
METLIFE INC,MET,59156R108,2573209,0.078946,-,6604254,USD
CARVANA CO,CVNA,146869102,BYQHPG3,0.078658,-,8752602,USD
HONEYWELL AEROSPACE INC,HONA,43849R105,BN7RHB4,0.077541,-,3871529,USD
WABTEC CORP,WAB,929740108,2955733,0.076659,-,2073081,USD
AMERIPRISE FINANCIAL INC,AMP,03076C106,B0J7D57,0.07658,-,1098420,USD
FIFTH THIRD BANCORP,FITB,316773100,2336747,0.07536,-,11047969,USD
VIVMARK RESIDENTIAL,VMRK,29476L107,2319157,0.075325,-,8897177,USD
AUTOZONE INC,AZO,053332102,2065955,0.075243,-,201231,USD
MODERNA INC,MRNA,60770K107,BGSXTS3,0.074473,-,4315613,USD
L3HARRIS TECHNOLOGIES INC,LHX,502431109,BK9DTN5,0.07434,-,2276476,USD
NIKE INC  CL B,NKE,654106103,2640147,0.074212,-,14657539,USD
CHIPOTLE MEXICAN GRILL INC,CMG,169656105,B0X7DZ3,0.074042,-,15674050,USD
ENTERGY CORP,ETR,29364G103,2317087,0.073539,-,5594880,USD
XCEL ENERGY INC,XEL,98389B100,2614807,0.073295,-,7628567,USD
AXON ENTERPRISE INC,AXON,05464C101,BDT5S35,0.073144,-,985125,USD
ROCKWELL AUTOMATION INC,ROK,773903109,2754060,0.072571,-,1359326,USD
GARMIN LTD,GRMN,H2906T109,B3Z5T14,0.072235,-,1996162,USD
EBAY INC,EBAY,278642103,2293819,0.072179,-,5425212,USD
CARRIER GLOBAL CORP,CARR,14448C104,BK4N0D7,0.071083,-,9539922,USD
HUMANA INC,HUM,444859102,2445063,0.070489,-,1467461,USD
FERGUSON ENTERPRISES INC,FERG,31488V107,BS6VHW3,0.069251,-,2357228,USD
VENTAS INC,VTR,92276F100,2927925,0.068996,-,5941122,USD
EXELON CORP,EXC,30161N101,2670519,0.068881,-,12503222,USD
REPUBLIC SERVICES INC,RSG,760759100,2262530,0.067732,-,2443705,USD
CBRE GROUP INC   A,CBRE,12504L109,B6WVMH3,0.067546,-,3578260,USD
KEURIG DR PEPPER INC,KDP,49271V100,BD3W133,0.067154,-,16625441,USD
IDEXX LABORATORIES INC,IDXX,45168D104,2459202,0.067023,-,964125,USD
NASDAQ INC,NDAQ,631103108,2965107,0.067011,-,5459479,USD
OCCIDENTAL PETROLEUM CORP,OXY,674599105,2655408,0.066265,-,8872667,USD
BLOCK INC,XYZ,852234103,BYNZGK1,0.066124,-,6539728,USD
IQVIA HOLDINGS INC,IQV,46266C105,BDR73G1,0.06595,-,2039658,USD
YUM  BRANDS INC,YUM,988498101,2098876,0.065849,-,3368187,USD
AGILENT TECHNOLOGIES INC,A,00846U101,2520153,0.065835,-,3453501,USD
VISTRA CORP,VST,92840M102,BZ8VJQ8,0.065285,-,3873258,USD
PRUDENTIAL FINANCIAL INC,PRU,744320102,2819118,0.063887,-,4240064,USD
ROPER TECHNOLOGIES INC,ROP,776696106,2749602,0.063643,-,1232783,USD
MSCI INC,MSCI,55354G100,B2972D2,0.063141,-,889442,USD
INTERACTIVE BROKERS GRO CL A,IBKR,45841N107,B1WT4X2,0.062932,-,5443424,USD
AMERICAN INTERNATIONAL GROUP,AIG,026874784,2027342,0.062287,-,6478626,USD
TAKE TWO INTERACTIVE SOFTWRE,TTWO,874054109,2122117,0.06171,-,2127087,USD
PAYCHEX INC,PAYX,704326107,2674458,0.061703,-,3941088,USD
WORKDAY INC CLASS A,WDAY,98138H101,B8K6ZD1,0.061591,-,2489171,USD
WATERS CORP,WAT,941848103,2937689,0.061151,-,1198234,USD
MICROCHIP TECHNOLOGY INC,MCHP,595017104,2592174,0.060973,-,6612928,USD
SYSCO CORP,SYY,871829107,2868165,0.06088,-,5843029,USD
COINBASE GLOBAL INC  CLASS A,COIN,19260Q107,BMC9P69,0.06061,-,2717973,USD
DIAMONDBACK ENERGY INC,FANG,25278X109,B7Y8YR3,0.060581,-,2371542,USD
P G + E CORP,PCG,69331C108,2689560,0.06055,-,26910004,USD
CONSOLIDATED EDISON INC,ED,209115104,2216850,0.060273,-,4503849,USD
DR HORTON INC,DHI,23331A109,2250687,0.05965,-,3222764,USD
FLEX LTD,FLEX,Y2573F102,2353058,0.059532,-,4492697,USD
EXPEDIA GROUP INC,EXPE,30212P303,B748CK2,0.058941,-,1398846,USD
HARTFORD INSURANCE GROUP INC,HIG,416515104,2476193,0.057844,-,3349843,USD
ARCHER DANIELS MIDLAND CO,ADM,039483102,2047317,0.057187,-,5888792,USD
KENVUE INC,KVUE,49177J102,BQ84ZQ6,0.05664,-,23461862,USD
VEEVA SYSTEMS INC CLASS A,VEEV,922475108,BFH3N85,0.056635,-,1834623,USD
KIMBERLY CLARK CORP,KMB,494368103,2491839,0.056122,-,4055816,USD
NETAPP INC,NTAP,64110D104,2630643,0.05606,-,2414627,USD
OLD DOMINION FREIGHT LINE,ODFL,679580100,2656423,0.055981,-,2236258,USD
UNITED AIRLINES HOLDINGS INC,UAL,910047109,B4QG225,0.055963,-,3966021,USD
PUBLIC SERVICE ENTERPRISE GP,PEG,744573106,2707677,0.055632,-,6089399,USD
IRON MOUNTAIN INC,IRM,46284V101,BVFTF03,0.054738,-,3635282,USD
VULCAN MATERIALS CO,VMC,929160109,2931205,0.054354,-,1585389,USD
M + T BANK CORP,MTB,55261F104,2340168,0.053762,-,1789583,USD
ARCH CAPITAL GROUP LTD,ACGL,G0450A105,2740542,0.053439,-,4252571,USD
WEC ENERGY GROUP INC,WEC,92939U106,BYY8XK8,0.053204,-,3980407,USD
DEXCOM INC,DXCM,252131107,B0796X4,0.05317,-,4699542,USD
HUNTINGTON BANCSHARES INC,HBAN,446150104,2445966,0.052443,-,24770607,USD
NORTHERN TRUST CORP,NTRS,665859104,2648668,0.052436,-,2260973,USD
EMCOR GROUP INC,EME,29084Q100,2474164,0.051627,-,543230,USD
GE HEALTHCARE TECHNOLOGY,GEHC,36266G107,BL6JPG8,0.051241,-,5558883,USD
RESMED INC,RMD,761152107,2732903,0.05119,-,1772441,USD
EQT CORP,EQT,26884L109,2319414,0.051078,-,7642646,USD
KROGER CO,KR,501044101,2497406,0.050882,-,6931738,USD
CROWN CASTLE INC,CCI,22822V101,BTGQCX1,0.050713,-,5342460,USD
WILLIS TOWERS WATSON PLC,WTW,G96629103,BDB6Q21,0.050305,-,1154321,USD
CARNIVAL CORP LTD,CCL,G2004J103,BVV7RC7,0.050039,-,15664794,USD
ZOETIS INC,ZTS,98978V103,B95WG16,0.049118,-,5122831,USD
CBOE GLOBAL MARKETS INC,CBOE,12503M108,B5834C5,0.049049,-,1281341,USD
BIOGEN INC,BIIB,09062X103,2455965,0.048965,-,1806790,USD
JABIL INC,JBL,466313103,2471789,0.048836,-,1289171,USD
MARTIN MARIETTA MATERIALS,MLM,573284106,2572079,0.048609,-,733869,USD
CASEY S GENERAL STORES INC,CASY,147528103,2179414,0.048,-,452267,USD
STEEL DYNAMICS INC,STLD,858119100,2849472,0.047202,-,1657014,USD
EXTRA SPACE STORAGE INC,EXR,30225T102,B02HWR9,0.046903,-,2581213,USD
CENTENE CORP,CNC,15135B101,2807061,0.046692,-,5724278,USD
RAYMOND JAMES FINANCIAL INC,RJF,754730109,2718992,0.046533,-,2119783,USD
CITIZENS FINANCIAL GROUP,CFG,174610105,BQRX1X3,0.045089,-,5167323,USD
AMEREN CORPORATION,AEE,023608102,2050832,0.045011,-,3380682,USD
ARES MANAGEMENT CORP   A,ARES,03990B101,BF14BT1,0.044832,-,2577198,USD
COPART INC,CPRT,217204106,2208073,0.044754,-,10829884,USD
COGNIZANT TECH SOLUTIONS A,CTSH,192446102,2257019,0.044752,-,5790756,USD
VICI PROPERTIES INC,VICI,925652109,BYWH073,0.044386,-,13339833,USD
LIVE NATION ENTERTAINMENT IN,LYV,538034109,B0T7YX2,0.044353,-,1933891,USD
TELEDYNE TECHNOLOGIES INC,TDY,879360105,2503477,0.043984,-,566222,USD
HALLIBURTON CO,HAL,406216101,2405302,0.043908,-,10204780,USD
EDISON INTERNATIONAL,EIX,281020107,2829515,0.043214,-,4702006,USD
INGERSOLL RAND INC,IR,45687V106,BL5GZ82,0.043205,-,4347192,USD
FISERV INC,FISV,337738108,2342034,0.042876,-,6516032,USD
DTE ENERGY COMPANY,DTE,233331107,2280220,0.04285,-,2542201,USD
HERSHEY CO/THE,HSY,427866108,2422806,0.042822,-,1814534,USD
ON SEMICONDUCTOR,ON,682189105,2583576,0.042798,-,4788774,USD
METTLER TOLEDO INTERNATIONAL,MTD,592688105,2126249,0.042686,-,245593,USD
WILLIAMS SONOMA INC,WSM,969904101,2967589,0.042499,-,1438606,USD
ATMOS ENERGY CORP,ATO,049560105,2315359,0.042304,-,2028867,USD
LABCORP HOLDINGS INC,LH,504922105,BSBK800,0.042263,-,1002393,USD
OTIS WORLDWIDE CORP,OTIS,68902V107,BK531S8,0.042053,-,4688499,USD
DOLLAR GENERAL CORP,DG,256677105,B5B1S13,0.041956,-,2694355,USD
DOVER CORP,DOV,260003108,2278407,0.041662,-,1646794,USD
AMERICAN WATER WORKS CO INC,AWK,030420103,B2R3PV1,0.041478,-,2386055,USD
XYLEM INC,XYL,98419M100,B3P2CN8,0.041207,-,2904643,USD
CORPAY INC,CPAY,219948106,BMX5GK7,0.04108,-,798791,USD
FAIR ISAAC CORP,FICO,303250104,2330299,0.041019,-,283040,USD
QUEST DIAGNOSTICS INC,DGX,74834L100,2702791,0.040982,-,1352531,USD
SYNCHRONY FINANCIAL,SYF,87165B103,BP96PS6,0.040865,-,4110290,USD
EVERSOURCE ENERGY,ES,30040W108,BVVN4Q8,0.040624,-,4588908,USD
TAPESTRY INC,TPR,876030107,BF09HX3,0.040603,-,2472714,USD
CINCINNATI FINANCIAL CORP,CINF,172062101,2196888,0.040215,-,1890479,USD
QNITY ELECTRONICS INC,Q,74743L100,BW1P234,0.040096,-,2556340,USD
PPL CORP,PPL,69351T106,2680905,0.040024,-,9193372,USD
HP INC,HPQ,40434L105,BYX4D52,0.039709,-,11182499,USD
REGIONS FINANCIAL CORP,RF,7591EP100,B01R311,0.039686,-,10428055,USD
DARDEN RESTAURANTS INC,DRI,237194105,2289874,0.039215,-,1399287,USD
ESTEE LAUDER COMPANIES CL A,EL,518439104,2320524,0.038972,-,3012266,USD
CENTERPOINT ENERGY INC,CNP,15189T107,2440637,0.038819,-,7990604,USD
SMURFIT WESTROCK PLC,SW,G8267P108,BRK49M5,0.038797,-,6413182,USD
OMNICOM GROUP,OMC,681919106,2279303,0.038483,-,3482469,USD
PPG INDUSTRIES INC,PPG,693506107,2698470,0.038316,-,2723564,USD
WEST PHARMACEUTICAL SERVICES,WST,955306105,2950482,0.037897,-,863281,USD
VERISK ANALYTICS INC,VRSK,92345Y106,B4P9W92,0.037707,-,1601085,USD
DOLLAR TREE INC,DLTR,256746108,2272476,0.037599,-,2212901,USD
PULTEGROUP INC,PHM,745867101,2708841,0.037478,-,2327315,USD
HUBBELL INC,HUBB,443510607,BDFG6S3,0.037464,-,646007,USD
EXPEDITORS INTL WASH INC,EXPD,302130109,2325507,0.0373,-,1598320,USD
VERALTO CORP,VLTO,92338C103,BPGMZQ5,0.037049,-,3000816,USD
FIRSTENERGY CORP,FE,337932107,2100920,0.036807,-,6361262,USD
CHURCH + DWIGHT CO INC,CHD,171340102,2195841,0.036789,-,2887888,USD
T ROWE PRICE GROUP INC,TROW,74144T108,2702337,0.03653,-,2618116,USD
VERISIGN INC,VRSN,92343E102,2142922,0.036143,-,1000375,USD
NRG ENERGY INC,NRG,629377508,2212922,0.035803,-,2577916,USD
ULTA BEAUTY INC,ULTA,90384S303,B28TS42,0.035619,-,532103,USD
STERIS PLC,STE,G8473T100,BFY8C75,0.035422,-,1198521,USD
EQUIFAX INC,EFX,294429105,2319146,0.035184,-,1454979,USD
EXPAND ENERGY CORP,EXE,165167735,BMZ5LZ5,0.035016,-,2925600,USD
DOW INC,DOW,260557103,BHXCF84,0.034283,-,8776286,USD
FIRST SOLAR INC,FSLR,336433107,B1HMF22,0.033953,-,1311850,USD
PACKAGING CORP OF AMERICA,PKG,695156109,2504566,0.033448,-,1081685,USD
AMCOR PLC,AMCR,G0250X149,BV7DQ55,0.033396,-,5610190,USD
PRINCIPAL FINANCIAL GROUP,PFG,74251V102,2803014,0.033381,-,2401164,USD
KRAFT HEINZ CO/THE,KHC,500754106,BYRY499,0.033378,-,10465333,USD
INTL FLAVORS + FRAGRANCES,IFF,459506101,2464165,0.03334,-,3127065,USD
GLOBAL PAYMENTS INC,GPN,37940X102,2712013,0.033291,-,2841354,USD
GENERAL MILLS INC,GIS,370334104,2367026,0.033154,-,6521098,USD
BROWN + BROWN INC,BRO,115236101,2692687,0.033024,-,3561930,USD
INTERNATIONAL PAPER CO,IP,460146103,2465254,0.032922,-,6456524,USD
TEXAS PACIFIC LAND CORP,TPL,88262P102,BM99VY2,0.032837,-,707700,USD
BROADRIDGE FINANCIAL SOLUTIO,BR,11133T103,B1VP7R6,0.032563,-,1413226,USD
FIDELITY NATIONAL INFO SERV,FIS,31620M106,2769796,0.03249,-,6316312,USD
F5 INC,FFIV,315616102,2427599,0.03243,-,688612,USD
INCYTE CORP,INCY,45337C102,2471950,0.032379,-,2036278,USD
CMS ENERGY CORP,CMS,125896100,2219224,0.031942,-,3757401,USD
WR BERKLEY CORP,WRB,084423102,2093644,0.031119,-,3593410,USD
SNAP ON INC,SNA,833034101,2818740,0.031025,-,632979,USD
KEYCORP,KEY,493267108,2490911,0.0306,-,11261334,USD
SOUTHWEST AIRLINES CO,LUV,844741108,2831543,0.0302,-,5970674,USD
REDDIT INC CL A,RDDT,75734B100,BMVNLY2,0.03018,-,1590724,USD
CF INDUSTRIES HOLDINGS INC,CF,125269100,B0G4K50,0.030144,-,1877263,USD
SUPER MICRO COMPUTER INC,SMCI,86800U302,BRC3N73,0.030048,-,6876399,USD
SBA COMMUNICATIONS CORP,SBAC,78410G104,BZ6TS23,0.029793,-,1295650,USD
ZIMMER BIOMET HOLDINGS INC,ZBH,98956P102,2783815,0.029659,-,2363914,USD
NISOURCE INC,NI,65473P105,2645409,0.029637,-,5842129,USD
HUNT (JB) TRANSPRT SVCS INC,JBHT,445658107,2445416,0.029377,-,909809,USD
VIATRIS INC,VTRS,92556V106,BMWS3X9,0.029213,-,14215086,USD
CONSTELLATION BRANDS INC A,STZ,21036P108,2170473,0.029136,-,1704237,USD
LENNAR CORP A,LEN,526057104,2511920,0.028812,-,2630394,USD
ESSEX PROPERTY TRUST INC,ESS,297178105,2316619,0.028635,-,784942,USD
TRACTOR SUPPLY COMPANY,TSCO,892356106,2900335,0.028601,-,6408564,USD
LOEWS CORP,L,540424108,2523022,0.028553,-,2061966,USD
EVERGY INC,EVRG,30034W106,BFMXGR0,0.028489,-,2817269,USD
GENUINE PARTS CO,GPC,372460105,2367480,0.028355,-,1681871,USD
DUPONT DE NEMOURS INC,DD,26614N201,BW60F13,0.028145,-,1657476,USD
FORTIVE CORP,FTV,34959J108,BYT3MK1,0.027985,-,3725456,USD
JACOBS SOLUTIONS INC,J,46982L108,BNGC0D3,0.027173,-,1442538,USD
PTC INC,PTC,69370C100,B95N910,0.027062,-,1411494,USD
NORDSON CORP,NDSN,655663102,2641838,0.026876,-,647779,USD
ALLIANT ENERGY CORP,LNT,018802108,2973821,0.026679,-,3138350,USD
WEYERHAEUSER CO,WY,962166104,2958936,0.026499,-,8744497,USD
LEIDOS HOLDINGS INC,LDOS,525327102,BDV82B8,0.026438,-,1537113,USD
ZEBRA TECHNOLOGIES CORP CL A,ZBRA,989207105,2989356,0.026286,-,582346,USD
IDEX CORP,IEX,45167R104,2456612,0.026261,-,904458,USD
NVR INC,NVR,62944T105,2637785,0.026119,-,32859,USD
BEST BUY CO INC,BBY,086516101,2094670,0.026115,-,2402727,USD
CHARTER COMMUNICATIONS INC A,CHTR,16119P108,BZ6VT82,0.026045,-,1394718,USD
BALL CORP,BALL,058498106,2073022,0.026038,-,3253149,USD
LYONDELLBASELL INDU CL A,LYB,N53745100,B3SPXZ3,0.025654,-,3166833,USD
CDW CORP/DE,CDW,12514G108,BBM5MD6,0.025578,-,1561028,USD
C.H. ROBINSON WORLDWIDE INC,CHRW,12541W209,2116228,0.025562,-,1440127,USD
ALBEMARLE CORP,ALB,012653101,2046853,0.025302,-,1439091,USD
INVITATION HOMES INC,INVH,46187W107,BD81GW9,0.025275,-,6678567,USD
KIMCO REALTY CORP,KIM,49446R109,2491594,0.024799,-,8241033,USD
TYSON FOODS INC CL A,TSN,902494103,2909730,0.024788,-,3447427,USD
GEN DIGITAL INC,GEN,668771108,BJN4XN5,0.024225,-,6697815,USD
MID AMERICA APARTMENT COMM,MAA,59522J103,2589132,0.023523,-,1421779,USD
AKAMAI TECHNOLOGIES INC,AKAM,00971T101,2507457,0.02332,-,1776363,USD
STANLEY BLACK + DECKER INC,SWK,854502101,B3Q2FJ4,0.023249,-,1899502,USD
APA CORP,APA,03743Q108,BNNF1C1,0.023055,-,4319310,USD
BUNGE GLOBAL SA,BG,H11356104,BQ6BPG9,0.022785,-,1664745,USD
TYLER TECHNOLOGIES INC,TYL,902252105,2909644,0.022762,-,514920,USD
HEALTHPEAK PROPERTIES INC,DOC,42250P103,BJBLRK3,0.022729,-,8457267,USD
EVEREST GROUP LTD,EG,G3223R108,2556868,0.02264,-,483599,USD
MASCO CORP,MAS,574599106,2570200,0.022496,-,2473171,USD
COOPER COS INC/THE,COO,216648501,BQPDXR3,0.022449,-,2383622,USD
HOST HOTELS + RESORTS INC,HST,44107P104,2567503,0.022425,-,7782969,USD
INVESCO LTD,IVZ,G491BT108,B28XP76,0.021887,-,5428629,USD
CHARLES RIVER LABORATORIES,CRL,159864107,2604336,0.021836,-,588606,USD
RALPH LAUREN CORP,RL,751212101,B4V9661,0.021817,-,473529,USD
MCCORMICK + CO NON VTG SHRS,MKC,579780206,2550161,0.021737,-,3113065,USD
ASSURANT INC,AIZ,04621X108,2331430,0.02166,-,605713,USD
TEXTRON INC,TXT,883203101,2885937,0.021636,-,2120268,USD
FEDEX FREIGHT HOLDING CO,FDXF,314352105,BVSVT37,0.0216,-,1324330,USD
TRIMBLE INC,TRMB,896239100,2903958,0.021472,-,2848418,USD
AVERY DENNISON CORP,AVY,053611109,2066408,0.021326,-,934423,USD
LAS VEGAS SANDS CORP,LVS,517834107,B02T2J7,0.021264,-,3643631,USD
ALLEGION PLC,ALLE,G0176J109,BFRT3W7,0.020979,-,1038259,USD
FOX CORP   CLASS A,FOXA,35137L105,BJJMGL2,0.020963,-,2437858,USD
BAXTER INTERNATIONAL INC,BAX,071813109,2085102,0.020867,-,6339996,USD
REVVITY INC,RVTY,714046109,2305844,0.020837,-,1363485,USD
GARTNER INC,IT,366651107,2372763,0.020616,-,818277,USD
GLOBE LIFE INC,GL,37959E102,BK6YKG1,0.02041,-,948802,USD
SOLVENTUM CORP,SOLV,83444M101,BMTQB43,0.02039,-,1798453,USD
JM SMUCKER CO/THE,SJM,832696405,2951452,0.020383,-,1303373,USD
COSTAR GROUP INC,CSGP,22160N109,2262864,0.020362,-,4990367,USD
GODADDY INC   CLASS A,GDDY,380237107,BWFRFC6,0.02021,-,1618183,USD
CLOROX COMPANY,CLX,189054109,2204026,0.019781,-,1485535,USD
DECKERS OUTDOOR CORP,DECK,243537107,2267278,0.019773,-,1728337,USD
LULULEMON ATHLETICA INC,LULU,550021109,B23FN39,0.019523,-,1279784,USD
HASBRO INC,HAS,418056107,2414580,0.019323,-,1629991,USD
REGENCY CENTERS CORP,REG,758849103,2726177,0.019187,-,2013665,USD
LENNOX INTERNATIONAL INC,LII,526107107,2442053,0.019174,-,386680,USD
TKO GROUP HOLDINGS INC,TKO,87256C101,BQBBFD1,0.018484,-,769127,USD
JACK HENRY + ASSOCIATES INC,JKHY,426281101,2469193,0.018389,-,868025,USD
GENERAC HOLDINGS INC,GNRC,368736104,B6197Q2,0.018024,-,712645,USD
PINNACLE WEST CAPITAL,PNW,723484101,2048804,0.017988,-,1481699,USD
HUNTINGTON INGALLS INDUSTRIE,HII,446413106,B40SSC9,0.017544,-,479256,USD
ECHOSTAR CORP A,ECHO,278768106,B2NC471,0.0175,-,1650855,USD
BIO TECHNE CORP,TECH,09073M104,BSHZ3Q0,0.017237,-,1916430,USD
UDR INC,UDR,902653104,2727910,0.017232,-,3612675,USD
NEWS CORP   CLASS A,NWSA,65249B109,BBGVT40,0.01704,-,4458504,USD
FACTSET RESEARCH SYSTEMS INC,FDS,303075105,2329770,0.016884,-,445097,USD
CAMDEN PROPERTY TRUST,CPT,133131102,2166320,0.016655,-,1228073,USD
ROLLINS INC,ROL,775711104,2747305,0.016615,-,3589048,USD
DOMINO S PIZZA INC,DPZ,25754A201,B01SD70,0.016223,-,374127,USD
FRANKLIN TEMPLETON INC,BEN,354613101,2350684,0.016116,-,3746714,USD
ALIGN TECHNOLOGY INC,ALGN,016255101,2679204,0.015971,-,805225,USD
AES CORP,AES,00130H105,2002479,0.01597,-,8714196,USD
BXP INC,BXP,101121101,2019479,0.015704,-,1805936,USD
PENTAIR PLC,PNR,G7S00T104,BLS09M3,0.015535,-,1974976,USD
INSULET CORP,PODD,45784P101,B1XGNW4,0.015291,-,846298,USD
SKYWORKS SOLUTIONS INC,SWKS,83088M102,2961053,0.015266,-,1837710,USD
APTIV PLC,APTV,G3265R107,BTDN8H1,0.015229,-,2589113,USD
UNIVERSAL HEALTH SERVICES B,UHS,913903100,2923785,0.014274,-,651282,USD
FEDERAL REALTY INVS TRUST,FRT,313745101,BN7P9B2,0.014076,-,963874,USD
HENRY SCHEIN INC,HSIC,806407102,2416962,0.013157,-,1183087,USD
FOX CORP   CLASS B,FOX,35137L204,BJJMGY5,0.013081,-,1709443,USD
ALEXANDRIA REAL ESTATE EQUIT,ARE,015271109,2009210,0.012821,-,1909488,USD
WYNN RESORTS LTD,WYNN,983134107,2963811,0.012653,-,1024413,USD
MGM RESORTS INTERNATIONAL,MGM,552953101,2547419,0.012581,-,2317679,USD
NORWEGIAN CRUISE LINE HOLDIN,NCLH,G66721104,B9CGTC3,0.012086,-,5648890,USD
MOSAIC CO/THE,MOS,61945C103,B3NPHP6,0.011665,-,3911982,USD
BUILDERS FIRSTSOURCE INC,BLDR,12008R107,B0BV2M7,0.011465,-,1314084,USD
HORMEL FOODS CORP,HRL,440452100,2437264,0.010667,-,3563834,USD
SMITH (A.O.) CORP,AOS,831865209,2816023,0.010658,-,1367660,USD
MOLSON COORS BEVERAGE CO   B,TAP,60871R209,B067BM3,0.010471,-,1960384,USD
ERIE INDEMNITY COMPANY CL A,ERIE,29530P102,2311711,0.010356,-,310265,USD
DAVITA INC,DVA,23918K108,2898087,0.008608,-,392509,USD
TRADE DESK INC/THE  CLASS A,TTD,88339J105,BD8FDD1,0.008602,-,5217402,USD
BROWN FORMAN CORP CLASS B,BF.B,115637209,2146838,0.00735,-,2057709,USD
NEWS CORP   CLASS B,NWS,65249B208,BBGVT51,0.00649,-,1490373,USD
PARAMOUNT SKYDANCE CL B,PSKY,69932A204,BSNMNQ5,0.004938,-,3840124,USD
CONTRA HOLOGIC INCORPO,2602335D,436CVR021,-,3e-06,-,2578626,USD
,,,,,,,
,,,,,,,
State Street Global Advisors (SSGA) is now State Street Investment Management. Please click here for more information.,,,,,,,
,,,,,,,
"Past performance is not a reliable indicator of future performance. Investment return and principal value will fluctuate, so you may have a gain or loss when shares are sold. Current performance may be higher or lower than that quoted. All results are historical and assume the reinvestment of dividends and capital gains. Visit www.ssga.com for most recent month-end performance. ",,,,,,,
,,,,,,,
,,,,,,,
,,,,,,,
"Portfolio holdings, allocations and weightings are as of the date indicated, are subject to change and should not be considered a recommendation to buy individual securities. For most recent information visit www.ssga.com.",,,,,,,
,,,,,,,
,,,,,,,
"Bonds generally present less short-term risk and volatility than stocks, but contain interest rate risk (as interest rates raise, bond prices usually fall); issuer default risk; issuer credit risk; liquidity risk; and inflation risk. These effects are usually pronounced for longer-term securities. Any fixed income security sold or redeemed prior to maturity may be subject to a substantial gain or loss.

International Government bonds and corporate bonds generally have more moderate short-term price fluctuations than stocks, but provide lower potential long-term returns.
Investing in high yield fixed income securities, otherwise known as ""junk bonds"", is considered speculative and involves greater risk of loss of principal and interest than investing in investment grade fixed income securities. These Lower-quality debt securities involve greater risk of default or price changes due to potential changes in the credit quality of the issuer.

Equity securities may fluctuate in value and can decline significantly in response to the activities of individual companies and general market and economic conditions.

There are risks associated with investing in Real Assets and the Real Assets sector, including real estate, precious metals and natural resources.  Investments can be significantly affected by events relating to these industries.

Investing in foreign domiciled securities may involve risk of capital loss from unfavorable fluctuation in currency values, withholding taxes, from differences in generally accepted accounting principles or from economic or political instability in other nations.  Investments in emerging or developing markets may be more volatile and less liquid than investing in developed markets and may involve exposure to economic structures that are generally less diverse and mature and to political systems which have less stability than those of more developed countries. 

The trademarks and service marks referenced herein are the property of their respective owners. Third party data providers make no warranties or representations of any kind relating to the accuracy, completeness or timeliness of the data and have no liability for damages of any kind relating to the use of such data. Investing involves risk including the risk of loss of principal.

The whole or any part of this work may not be reproduced, copied or transmitted or any of its contents disclosed to third parties without SSGA's express written consent.

ETFs trade like stocks, are subject to investment risk and will fluctuate in market value. The investment return and principal value of an investment will fluctuate in value, so that when shares are sold or redeemed, they may be worth more or less than when they were purchased.  Although shares may be bought or sold on an exchange through any brokerage account, shares are not individually redeemable from the fund.  Investors may acquire shares and tender them for redemption through the fund in large aggregations known as “creation units.”  Please see the fund’s prospectus for more details.

Investing in REITs involves certain distinct risks in addition to those risks associated with investing in the real estate industry in general. Equity REITs may be affected by changes in the value of the underlying property owned by the REITs, while mortgage REITs may be affected by the quality of credit extended. REITs are subject to heavy cash flow dependency, default by borrowers and self-liquidation. REITs, especially mortgage REITs, are also subject to interest rate risk (i.e., as interest rates rise, the value of the REIT may decline).

Multi-Cap investments include exposure to all market caps, including small and medium capitalization (“cap”) stocks that generally have a higher risk of business failure, lesser liquidity and greater volatility in market price. As a consequence, small and medium cap stocks have a greater possibility of price decline or loss as compared to large cap stocks. This may cause the Fund not to meet its investment objective. 

Concentrated investments in a particular Sector tend to be more volatile than the overall market and increases risk that events negatively affecting such sectors or industries could reduce returns, potentially causing the value of the Fund’s shares to decrease.

Technology companies, including cyber security companies, can be significantly affected by obsolescence of existing technology, limited product lines, and competition for financial resources, qualified personnel, new market entrants or impairment of patent and intellectual property rights that can adversely affect profit margins.

This communication is not intended to be an investment recommendation or investment advice and should not be relied upon as such.

The information provided does not constitute investment advice and it should not be relied on as such. It should not be considered a solicitation to buy or an offer to sell a security. It does not take into account any investor's particular investment objectives, strategies, tax status or investment horizon.  You should consult your tax and financial advisor.

Disclosure: State Street Global Advisors Funds Distributors, LLC is the distributor for some registered products on behalf of the adviser. SSGA Funds Management has retained Blackstone Liquid Credit Strategies LLC, Nuveen Asset Management, DoubleLine Capital LP Loomis Sayles,  Galaxy Digital Capital Management LP, and Bridgewater Associates, LP as the sub-adviser. State Street Global Advisors Funds Distributors, LLC is not affiliated with Blackstone Liquid Credit Strategies LLC, DoubleLine Capital LP, Nuveen Asset Management Loomis Sayles, Galaxy Digital Capital Management LP or Bridgewater Associates, LP. 

Kensho is not an investment adviser or broker-dealer and Kensho makes no representation regarding the advisability of investing in any investment fund, other investment vehicle, security or other financial product regardless of whether or not it is based on, derived from, or included as a constituent of any Kensho New Economies© family index. Kensho bears no responsibility or liability for any business decision, input, recommendation, or action taken based on Kensho indices or any products based on, derived from, or included as a constituent of any such index. All referenced names and trademarks are the property of their respective owners.

Apollo is not a sponsor, distributor, promoter, or investment adviser to the Fund. Apollo has entered into a contractual agreement with the Fund whereby it is obligated to provide firm bids on asset-backed and corporate finance instruments sourced by Apollo (each an “AOS Investment”) to the Fund on a daily basis at certain intervals and is required to repurchase AOS Investments that the Fund has purchased at the firm bid price offered by Apollo, subject to, but not limited to, contractual levels designed to cover the estimated seven-day stress redemption rate as of the date hereof. The sale of AOS Investments to Apollo is not exclusive and the Fund may seek to sell AOS Investments to other counterparties.

Bridgewater provides a daily model portfolio to SSGA Funds Management Inc. (SSGA FM) based on their proprietary All Weather® asset allocation approach.  The model portfolio is specific to the Fund. Based on Bridgewater's investment recommendations, SSGA FM purchases and sells securities and/or instruments for the Fund. SSGA FM seeks to implement Bridgewater's investment recommendations, but may change the Fund's investment allocation at any time. 

The S&P 500® Index is a product of S&P Dow Jones Indices LLC or its affiliates (“S&P DJI”) and have been licensed for use by State Street Global Advisors.  S&P®, SPDR®, S&P 500®,US 500 and the 500 are trademarks of Standard & Poor’s Financial Services LLC (“S&P”); Dow Jones® is a registered trademark of Dow Jones Trademark Holdings LLC (“Dow Jones”) and has been licensed for use by S&P Dow Jones Indices; and these trademarks have been licensed for use by S&P DJI and sublicensed for certain purposes by State Street Global Advisors. The fund is not sponsored, endorsed, sold or promoted by S&P DJI, Dow Jones, S&P, their respective affiliates, and none of such parties make any representation regarding the advisability of investing in such product(s) nor do they have any liability for any errors, omissions, or interruptions of these indices.

The returns on a portfolio of securities which exclude companies that do not meet the portfolio's specified ESG criteria may trail the returns on a portfolio of securities which include such companies. A portfolio's ESG criteria may result in the portfolio investing in industry sectors or securities which underperform the market as a whole. 

If your account holds Russian securities and instruments, then as of the date of this publication, they have been fair valued.  Such fair value may be zero.  If your portfolio holds such Russian securities and instruments, then the portfolio may not be able to dispose of such securities and instruments depending on the relevant market, applicable sanctions requirements, and/or Russian capital controls or other counter measures. In such circumstances, the portfolio would continue to own and have exposure to Russian-related issuers and markets.  Please refer to your portfolio holdings report. 

Prior to 10/31/2025, the ticker for SPYM was SPLG.",,,,,,,
,,,,,,,
,,,,,,,
,,,,,,,
,,,,,,,
,,,,,,,
,,,,,,,
,,,,,,,
,,,,,,,
,,,,,,,
,,,,,,,
,,,,,,,
,,,,,,,
,,,,,,,
,,,,,,,
,,,,,,,
,,,,,,,
,,,,,,,
,,,,,,,
,,,,,,,
,,,,,,,
,,,,,,,
,,,,,,,
,,,,,,,
,,,,,,,
,,,,,,,
,,,,,,,
,,,,,,,
,,,,,,,
,,,,,,,
,,,,,,,
,,,,,,,
,,,,,,,
,,,,,,,
,,,,,,,
,,,,,,,
,,,,,,,
,,,,,,,
,,,,,,,
,,,,,,,
,,,,,,,
,,,,,,,
,,,,,,,
,,,,,,,
,,,,,,,
,,,,,,,
,,,,,,,
,,,,,,,
,,,,,,,
,,,,,,,
,,,,,,,
,,,,,,,
,,,,,,,
,,,,,,,
,,,,,,,
,,,,,,,
,,,,,,,
,,,,,,,
,,,,,,,
"DoubleLine® is a registered trademark of DoubleLine Capital LP.

Investing involves risk including the risk of loss of principal.

All information is from SSGA unless otherwise noted and has been obtained from sources believed to be reliable, but its accuracy is not guaranteed.  There is no representation or warranty as to the current accuracy, reliability or completeness of, nor liability for, decisions based on such information and it should not be relied on as such. ",,,,,,,
,,,,,,,
,,,,,,,
,,,,,,,
,,,,,,,
,,,,,,,
,,,,,,,
,,,,,,,
"Distributor: State Street Global Advisors Funds Distributors, LLC, member FINRA(http://www.finra.org), SIPC(http://www.sipc.org), an indirect wholly owned subsidiary of State Street Corporation. References to State Street may include State Street Corporation and its affiliates. Certain State Street affiliates provide services and receive fees from the SPDR ETFs. ALPS Distributors, Inc., member FINRA, is the distributor for DIA, MDY and SPY, all unit investment trusts. ALPS Portfolio Solutions Distributor, Inc., member FINRA, is the distributor for Select Sector SPDRs. ALPS Distributors, Inc. and ALPS Portfolio Solutions Distributor, Inc. are not affiliated with State Street Global Advisors Funds Distributors, LLC.",,,,,,,
,,,,,,,
,,,,,,,
,,,,,,,
,,,,,,,
,,,,,,,
,,,,,,,
,,,,,,,
,,,,,,,
"Before investing in a fund, consider its investment objectives, risks, charges, and expenses. A prospectus (and/or summary prospectus) containing this and other information is available here (https://www.ssga.com/us/en/individual/fund-finder) or by calling 1-866-787-2257. Read it carefully.

Not FDIC Insured * No Bank Guarantee * May Lose Value

© 2026 State Street Corporation - All Rights Reserved.
State Street Investment Management, One Congress Street, Boston, MA 02114.

4503082.10.3.AM.RTL
Expiration: 01/31/2027
SPD004409",,,,,,,
